doc_idx,filename,rule_label,llm_majority_label,text_first_500,human_label,human_notes
12,2008-慈溪市发展改革局关于调整自来水销售价格和污水处理费标准的通知.docx,regulatory,regulatory,慈溪市发展改革局关于调整自来水销售价格和污水处理费标准的通知慈溪市自来水总公司城市排水有限公司随着汤浦水库引水工程建成通水一户一表改造环城管网建设和市域污水治理工程建设的深入自来水总公司制水成本和城市排水有限公司污水处理成本大幅提高为了保障生产生活用水需要维持企业的正常生产促进我市城市供水和污水处理事业的健康发展同时考虑用户的承受能力经我市自来水价格和污水处理费调整方案听证会议论证和市政府常务会议讨论通过并报宁波市物价局甬价管号批复决定调整市自来水总公司管网所及范围的自来水供水价格和污水处理费标准现通知如下一自来水售水价格分为五类居民生活用水含中小学幼儿园农村公厕等非经营性用水经营性用水特种行业用水各镇街道给水站用水五大类各类用水到户价格由自来水供水价格含水利工程供水价格和污水处理费构成具体价格详见附件二居民住宅生活用水实行阶梯式计量水价制度对已实施一户一表用水和二次供水的中高层住宅居民生活用水户实行阶梯式计量水价制度阶梯式计量水价分为级户用水人口常住户口和有居住证的外来人口下同在人及以下的每户每月水量基数分别为第一级立方米及以下第二级立方米第三级立方米及以上户用水人口超过人的每增加人,,
38,2018-宁波市江北区人民政府办公室关于印发《江北区城镇排水许可管理办法》的通知.docx,regulatory,regulatory,宁波市江北区人民政府办公室关于印发江北区城镇排水许可管理办法的通知各街道办事处慈城镇人民政府区政府各部门直属单位江北区城镇排水许可管理办法经区政府研究同意现印发给你们请认真贯彻执行宁波市江北区人民政府办公室年月日江北区城镇排水许可管理办法试行第一章总则第一条为加强对江北区城镇污水排入排水管网许可证以下简称排水许可证的监督管理根据城市污水排入排水管网许可管理办法住房和城乡建设部令第号宁波市城市排水和再生水利用条例和宁波市城市排水许可证管理办法等法律法规制定本办法第二条本办法适用于江北区行政区域内排水许可证的申领变更注销及监督检查第三条排水户是指在城镇行政区内排水管网及附属设施覆盖范围内从事工业建筑商业餐饮医疗等活动的企业事业单位个体工商户第四条江北区综合行政执法局城市管理局是江北区城镇排水行政主管部门负责江北区排水许可审核工作对符合要求的排水户组织进行验收和首次水质检测工作第五条各街道镇园区要协助江北区综合行政执法局城市管理局开展所辖区域内排水许可摸底催办初审排水户监管申领条件和资料的完整性审查等工作同时协助江北区综合行政执法局城市管理局对本辖区内排水户的预处理设施进行初步踏勘和指导服务,,
49,2017-宁波市鄞州区人民政府办公室关于开展农村生活污水治理系统提升工作的通知.docx,regulatory,regulatory,宁波市鄞州区人民政府办公室关于开展农村生活污水治理系统提升工作的通知各镇政府区政府各部门直属单位根据浙江省人民政府办公厅关于加强农村生活污水治理设施运行维护管理的意见浙政办发号和中共鄞州区委办公室鄞州区人民政府办公室关于实施农村生活污水治理三年行动计划的通知鄞党办号等文件精神为深入推进五水共治工作确保处理终端的出水污染物排放全面达到一级标准保证处理终端正常安全稳定运行经区政府同意决定对我区个设有固定处理终端的农村生活污水治理系统实施提升工程现就有关事项通知如下一实施范围目前我区尚需提升的农村生活污水处理系统有个具体详见附件其中个需要提升固定处理终端和管网系统个需要提升固定处理终端管网系统已提升个需要提升管网系统固定处理终端能达标个管网系统提升后直接接入市政管网二职责分工在区五水共治组织体系的基础上本项工作由区农办作为牵头单位负责做好统筹谋划和指导服务工作区发改局负责项目的审批和监管区财政局和审计局负责资金的投入和监管审核区住建局负责工程建设质量监管区排水公司负责处理终端提升工程实施各镇政府负责前期政策处理和管网提升工程实施三资金补助农村生活污水处理终端提升工程和运行费用由区财政统一安排,,
544,2023-青田县人民政府办公室关于印发《青田县入河排污口排查溯源整治工作实施方案》的通知.docx,regulatory,regulatory,青田县人民政府办公室关于印发青田县入河排污口排查溯源整治工作实施方案的通知各乡镇人民政府街道办事处县政府直属各单位青田县入河排污口排查溯源整治工作实施方案已经县政府同意现印发给你们请认真组织实施青田县人民政府办公室年月日此件公开发布青田县入河排污口排查溯源整治工作实施方案为贯彻落实国务院办公厅关于加强入河入海排污口监督管理工作的实施意见国办函号浙江省人民政府办公厅关于印发浙江省加强入河入海排污口监督管理工作方案的通知浙政办发号丽水市人民政府办公室关于印发丽水市入河排污口监督管理工作实施方案的通知丽政办发号等文件要求系统规范推进我县各类入河排污口及城镇雨洪排口排查监测溯源整治及监督管理等各项工作特制定本方案一总体要求一指导思想以习近平新时代中国特色社会主义思想为指导全面贯彻党的二十大精神坚持精准治污科学治污依法治污以高位改善提升水生态环境质量为核心以数字化改革为引领深化排污口设置和管理改革建立健全责任明晰设置合理管理规范排放达标的排污口长效监管机制不断提升生态环境治理能力和水平有效管控入河污染物排放为全面建设社会主义现代化新青田提供优质水生态环境保障二工作范围以各级河长责任河道为重点覆盖,,
337,2022-德清县人民政府办公室关于印发德清县入河排污口排查整治行动方案（2022—2025年）的通知.docx,regulatory,regulatory,德清县人民政府办公室关于印发德清县入河排污口排查整治行动方案年的通知高新区管委会各镇人民政府街道办县府直属各单位德清县入河排污口排查整治行动方案年已经县政府同意现印发给你们请结合实际认真贯彻执行德清县人民政府办公室年月日德清县入河排污口排查整治行动方案年为贯彻落实国务院办公厅关于加强入河入海排污口监督管理工作的实施意见国办函号国务院办公厅关于转发生态环境部国家发展改革委长江入河排污口整治行动方案的通知国办函号精神规范入河排污口监督管理有效管控入河污染物排放结合我县实际特制定本方案一实施范围本方案所称入河排污口以下简称排污口是指直接或通过管道沟渠等排污通道向环境水体排放污水的口门实施范围为德清县全域二总体要求一指导思想以习近平新时代中国特色社会主义思想为指导全面贯彻党的二十大精神深入贯彻习近平生态文明思想着力践行绿水青山就是金山银山理念坚持精准治污科学治污依法治污以水生态环境质量持续改善为目标持续深化入河排污口排查整治与监督管理有效管控入河污染物排放不断提升生态环境治理能力和水平为高质量建设生态文明城市作出积极贡献二目标任务全面开展入河排污问题整治实现全县排污口查测溯治区域全覆盖类型全覆,,
260,2017-杭州市西湖区人民政府办公室 关于西湖区2017年“五水共治”宣传工作 实施方案的通知.docx,informational,informational,杭州市西湖区人民政府办公室关于西湖区年五水共治宣传工作实施方案的通知各镇人民政府街道办事处区政府各部门各直属单位西湖区年五水共治宣传工作实施方案已经区政府研究同意现印发给你们请认真组织实施杭州市西湖区人民政府办公室年月日西湖区年五水共治宣传工作实施方案为贯彻落实全省剿灭劣类河道电视电话精神抓好系统治水科学治水水岸同治坚决剿灭劣类水体营造全社会关心支持参与监督五水共治工作的良好氛围提高群众对五水共治工作认知度参与度支持度满意度和信心度对照年西湖区五水共治工作实施方案现制定宣传工作实施方案如下一指导思想以党的十八大和习近平总书记系列重要讲话精神为指导牢固树立以人为本人水和谐的治水理念和绿水青山就是金山银山的生态意识全面落实省市五水共治战略部署认真落实省市区深化五水共治剿灭劣类水的重大决策促进我区经济社会与自然环境和谐发展把美丽写在西湖大地上全力打造浙江治水的西湖样本二工作目标牢牢把握正确舆论导向坚持以团结稳定鼓劲的正面宣传通过整合资源精准发力着力宣扬我区五水共治特色亮点组织省市区各级各类宣传平台和新闻工作者深入治水现场深入基层一线及时反映我区五水共治工作成效和典型经验积极引导全区上下各方力,,
523,2016-云和县人民政府办公室关于印发云和县河湖库塘清污(淤)工作实施方案(2016-2020年)的通知.docx,regulatory,regulatory,关于下达海盐县年度农村河沟整治计划的通知各乡镇人民政府街道办事处县政府直属各单位云和县河湖库塘清污淤工作实施方案年已经县政府研究同意现印发给你们请认真贯彻执行云和县人民政府办公室年月日此件公开发布云和县河湖库塘清污淤工作实施方案年为加快推进五水共治清污淤整治工作全面改善河湖库塘水质根据浙江省五水共治工作领导小组办公室浙江省水利厅关于全面开展河湖库塘清污淤工作的通知浙治水办发号和丽水市人民政府办公室关于印发丽水市河湖库塘清淤实施方案年的通知丽政办发号有关精神结合我县实际特制订本方案一总体目标以科学发展观为指导紧紧围绕省委十三届八次全会提出的不把污泥浊水带入全面小康的工作目标全面清除河湖库塘污淤泥全力打好污淤泥歼灭战深化巩固清三河成果实现河湖库塘淤疏动态平衡深入推进全县五水共治工作全面洁净水面水体水底环境营造水清流畅岸绿景美鱼游的水生态环境着力打造宜居宜游的水生态文明城市二基本原则条块结合协同推进坚持条块结合分工负责对城区内水域水源地河湖新农村周边水域防洪排涝河道等实施分类治理协同推进因地制宜科学清污淤优先考虑生态清污淤因地制宜选择淤泥处置方法加强清污淤全过程管理避免二次污染建立机制发挥长,,
323,2015-湖州市南浔区人民政府办公室关于进一步加强河道保洁长效管理工作的通知.docx,regulatory,regulatory,湖州市南浔区人民政府办公室关于进一步加强河道保洁长效管理工作的通知各镇人民政府南浔经济开发区管理委员会区政府各部门区直各单位为深入推进水环境治理全面提升南浔区河道保洁成效根据关于进一步加强市区河道保洁长效管理工作的通知湖政办函号南浔区水环境大整治三年行动方案的通知浔委发号南浔区年五水共治实施方案的通知浔委办通号精神现就进一步加强南浔区河道保洁长效管理工作的有关事项通知如下一明确工作目标对南浔区公里河道平方公里湖泊漾荡实现保洁全覆盖全面实行常年保洁力争达到河面无漂浮废弃物河岸无垃圾河中无障碍物的三无目标二落实保洁责任按照属地管理的原则明确南浔区河道保洁的责任范围和主体中心城区河道由南浔镇南浔古镇管委会城管执法局负责保洁条级主干航道责任主体为属地镇开发区其中京杭运河长湖申线湖嘉申线杭湖锡线及其连通湖泊漾荡分别由区级河长牵头部门作为监管主体东宗线及其连通湖泊漾荡分别由区水利局作为监管主体相关镇开发区统一招投标落实专业保洁队伍其他河道含湖泊漾荡由各镇政府和开发区管委会按辖区负责各责任主体要将责任范围内每一条河道的保洁任务分解落实到具体的实施单位明确责任人不留死角不留盲区确保河道保洁全覆盖三保障,,
91,2017-关于印发《宁波杭州湾新区劣V类水剿灭行动方案》的通知.docx,regulatory,regulatory,关于印发宁波杭州湾新区劣类水剿灭行动方案的通知各局办委庵东镇人民政府公安分局各有关单位经管委会研究同意现将宁波杭州湾新区劣类水剿灭行动方案印发给你们请结合实际认真贯彻执行宁波杭州湾新区开发建设管理委员会办公室年月日宁波杭州湾新区劣类水剿灭行动方案为持续深入推进新区五水共治工作打响全区污水剿灭战全面建成污水零直排区根据浙江省人民政府办公厅关于印发浙江省劣类水剿灭行动方案的通知和宁波市劣类水剿灭行动方案结合新区实际特制定本行动方案一目标要求紧紧围绕建设一城四区发展目标以提高水环境质量为核心以污水零直排区创建为载体以深化落实河长制为抓手全面推进七大专项行动到年月底前完成个劣类小微水体的剿灭任务年底前全面消除劣类水并确保所有市控区控断面水质明显改善二主要任务一污水零直排区创建专项行动全力提升城镇污水处理水平完成杭州湾新区污水处理厂地表水类水质排放标准的提标改造加强区域联动提升慈溪北部污水处理厂尾水入河标准加强雨污分流改造和截污纳管工作实施五金园区世纪城众创园等雨污管网改造工程提升五金园区污水泵站处理能力确保污水管网处于低水位运行完善庵东镇小微企业集聚区块基础配套全面改造工业区块雨污管网确保工业,,
545,2019-景宁畲族自治县住房和城乡建设局关于进一步做好农村生活污水治理设施长效运行维护管理的通知.docx,regulatory,regulatory,景宁畲族自治县住房和城乡建设局关于进一步做好农村生活污水治理设施长效运行维护管理的通知各乡镇人民政府街道办事处浙大水业有限公司为巩固我县农村环境连片整治成果强化农村生活污水的维护和管理确保已建成的乡镇生活污水治理设施正常运行现经景宁畲族自治县农村生活污水治理设施运行维护领导小组同意结合我县实际请各乡镇街道根据景宁畲族自治县农村生活污水治理设施运行维护管理办法景政办发号相关职责分工就进一步加强农村生活污水治理设施长效运维管理工作具体通知如下一职责分工各乡镇人民政府街道办事处浙大水业有限公司下文简称运维公司按照职责分工做好已投入使用的生活污水治理设施的运行维护和管理工作一各乡镇人民政府街道办事处是农村生活污水治理设施运维工作的管理主体负责本行政区域内农村生活污水治理设施运行维护的日常管理落实分管领导和名具体工作人员制订和执行运行维护管理的日常工作制度做好各村或第三方专业服务机构运维情况的监督指导督促村级组织农户开展日常运行维护管理定期对污水处理设施进行巡查建立健全档案资料管理制度及时向县主管部门报送相关资料根据生活污水治理设施的实际情况和用电负荷制定各村生活污水治理设施年度运行维护管理计划,,
267,2015-关于印发西湖区2015年度农村生活污水治理工作补充意见的通知.docx,regulatory,regulatory,关于印发西湖区年度农村生活污水治理工作补充意见的通知各镇人民政府街道办事处区政府各部门各直属单位之江度假区管委会各单位西湖区年度农村生活污水治理工作补充意见已经区政府研究同意现印发给你们请认真组织实施杭州市西湖区人民政府办公室年月日西湖区年度农村生活污水治理工作补充意见为规范我区农村生活污水治理项目管理充分发挥镇街和村社两级的积极性特制定本补充意见一治理要求农户受益率达到二治理内容因地制宜因村制宜因户制宜确定治理模式和处理工艺开展化粪池改造污水管网农户接管终端设备开挖路面修复等工程三完成时间年度省市区下达的计划项目要力争在月底全面动工月底全面完工确保月底完工四实施主体和方式实施主体村社为项目施工的实施主体镇街为牵头组织和监管主体主材采购成品化粪池管材窨井盖终端设施等主要材料设备由区农办会同区治水办区审管办通过公开信息招标方式建立名录库由镇街和村社在区名录库中采购确定区农办和审管办督促供应商统一配送招标方式勘测设计施工和监理由区农办会同区治水办区审管办通过公开信息招标方式建立名录库由镇街牵头组织村社在名录库中派位摇号产生招标代理由镇街牵头组织村社按现有规定统一发包施工环节也可根据实际按照,,
470,2014-嵊泗县农林水利围垦局关于印发《全力推进农业水环境治理加强农业面源污染防治的实施方案》的通知.docx,regulatory,regulatory,嵊泗县农林水利围垦局关于印发全力推进农业水环境治理加强农业面源污染防治的实施方案的通知各乡镇人民政府局各科室及下属单位为全力推进农业水环境治理加快农业转型升级现将关于全力推进农业水环境治理全面加强农业面源污染防治的实施意见印发给你们请认真组织实施嵊泗县农林水利围垦局关于全力推进农业水环境治理加强农业面源污染防治的实施方案为切实贯彻落实省委省政府五水共治决策部署深入推进我县农业水环境综合治理全面加强农业面源污染治理加快推进我县美丽海岛建设和农业升级转型根据省农业厅关于全力推进农业水环境治理全面加强农业面源污染防治的实施意见浙农科发号文件精神结合我县实际特制订本实施方案一总体思路以生态优先建设美丽海岛为目标坚持政府主导强化主体责任加大力度治理畜禽养殖污染科学合理使用农药实现污物无害化养殖生态化农药减量化通过治水倒逼促进我县农业转型升级着力形成我县产业布局生态资源利用高效生产过程清洁环境持续优化的小而精现代农业新格局二主要目标一到年完成年出栏头畜禽养殖规模场设施修复改造个年出栏头以上畜禽养殖规模场标准化提升个到年完成新增沼液利用万吨全县基本实现畜禽养殖排泄物生态消纳或达标排放二努力减少农药使,,
527,2015-云和县人民政府办公室关于印发云和县农村生活污水治理验收办法的通知.docx,regulatory,regulatory,云和县人民政府办公室关于印发云和县农村生活污水治理验收办法的通知各乡镇人民政府街道办事处县政府直属各单位云和县农村生活污水治理验收办法已经县政府研究同意现印发给你们请认真贯彻执行云和县人民政府办公室年月日此件公开发布云和县农村生活污水治理验收办法为扎实做好农村生活污水治理年度验收工作保质保量完成全省农村生活污水治理目标任务根据中共浙江省委办公厅浙江省人民政府办公厅关于深化千村示范万村整治工程扎实推进农村生活污水治理的意见浙委办发号和浙江省财政厅浙江省千村示范万村整治工作协调小组办公室关于印发浙江省千村示范万村整治工程资金与项目管理办法的通知浙财农号等有关规定结合我县实际制定本办法一验收的对象年至年实施的农村生活污水治理和改造提升项目二验收需提交的相关资料乡镇街道业主单位如实填写报验项目真实有效数据并按以下材料清单装订成册与验收申请报告一起报送至县农村生活污水治理项目工程竣工验收领导小组办公室施工单位自查自纠整改情况县发改局批准的设计文件项目竣工图纸电子图和纸质各一份施工纪录监理单位需提供一份项目文件清单含项目变更会议纪要和其他相关项目文件的复印件隐蔽工程验收记录污水管网闭水试验记录业主,,
499,2014-松阳县卫生局关于报送《全面落实“河长制”十三都源河道水环境综合治理实施方案》的函.docx,regulatory,regulatory,松阳县卫生局关于报送全面落实河长制十三都源河道水环境综合治理实施方案的函松阳县卫生局关于报送全面落实河长制十三都源河道水环境综合治理实施方案的函县五水共治领导小组办公室根据你办要求我局牵头组织制定了全面落实河长制十三都源河道水环境综合治理实施方案现报送给你们松阳县卫生局年月日全面落实河长制十三都源河道水环境综合治理实施方案加强水环境保护和治理是推进绿色崛起科学跨越的重要举措是保障和改善民生的重要内容是全面落实田园松阳建设的实际行动根据中共松阳县委办公室县政府办公室关于印发松阳县河长制实施方案的通知松委办号精神为促进河道水环境质量进一步提升全面落实河长制做好河道综合保洁工作切实改善十三都源河道生态环境质量结合当地实际制定以下实施方案一总体要求及工作目标按照建立管理机构明确工作目标落实管理责任严格管理考核的要求在十三都源河道流经及支流涉及乡镇村全面推行河长制至年月底该流域全面实现河长制管理至年全面完成清洁水源行动和流域水污染防治规划任务整条河道主要水污染物排放总量明显下降地表水环境质量持续改善饮用水源水质稳定达标全面消除垃圾河黑臭河人民群众满意度进一步提高河道环境面貌显著改观打造水清流畅岸,,
290,2022-淳安县人民政府办公室关于加强淳安县农村生活污水处理设施运行维护管理的实施意见.docx,regulatory,regulatory,淳安县人民政府办公室关于加强淳安县农村生活污水处理设施运行维护管理的实施意见各乡镇人民政府县政府直属各单位为进一步规范全县农村生活污水处理设施运维管理保障处理设施正常运行根据浙江省农村生活污水处理设施管理条例和农村生活污水处理设施水污染物排放标准等文件精神经县政府同意现就加强我县农村生活污水处理设施运行维护管理工作提出如下实施意见一总体要求淳安县农村生活污水处理设施运维管理坚持政府主导全民参与统筹规划源头治理注重实效原则通过建机制抓队伍重考核强巡查严规范等手段实现建设规范设施完好运行稳定水质达标效益持续总体目标二主要内容一适用范围本实施意见适用于农村除千岛湖镇建成区日常生活中产生的污水以及从事农村公益事业公共服务和民宿农家乐等经营活动产生的污水农村生活污水处理设施以下简称污水处理设施包括对农村生活污水进行集中处理的设施和户用处理设备就地处置生活污水的家庭简易处理设施除外集中处理设施户用处理设备由户内处理设施和公共处理设施组成户内使用的处理设施包括户内化粪池隔油池污水管道等公共处理设施包括户外接户井污水管道检查井处理终端中心镇污水处理厂厂区范围除外等乡镇政府所在地的污水处理站适用本实施意,,
89,2020-关于印发《宁波杭州湾新区制造业“两小”企业综合治理提升三年行动计划（2020-2022年）》的通知.docx,regulatory,regulatory,关于印发宁波杭州湾新区制造业两小企业综合治理提升三年行动计划年的通知各局办委庵东镇人民政府各有关单位经管委会研究同意现将宁波杭州湾新区制造业两小企业综合治理提升三年行动计划年印发给你们请结合各自工作实际认真贯彻执行宁波杭州湾新区开发建设管理委员会办公室年月日宁波杭州湾新区制造业两小企业综合治理提升三年行动计划年为贯彻十九届四中全会关于推进国家治理体系和治理能力现代化的精神落实国家工信部等十六部委关于利用综合标准依法依规推动落后产能退出的指导意见宁波市制造业两小企业综合治理提升三年行动计划年等文件要求结合杭州湾新区实际进一步加大产业综合治理加快推进制造业的高质量发展决定在全区开展制造业小企业小加工作坊以下简称两小企业综合治理提升工作特制定方案如下一总体要求一总体思路深入贯彻落实习近平总书记在浙江宁波考察时的重要讲话精神以新发展理念为引领以制造业高质量发展为目标以污染防治和安全生产等专项整治为重要抓手围绕低散乱污问题突出的制造业两小企业和工业区块行业坚持问题导向和目标导向分类推进和精准施策培育发展和整治提升相结合强化监督管理对象全覆盖和排摸整治提升工作全链条的要求着力深化源头治理综合治理和,,
540,2020-青田县人民政府关于印发《青田县“三线一单”生态环境分区管控方案》的通知.docx,regulatory,regulatory,青田县人民政府关于印发青田县三线一单生态环境分区管控方案的通知各乡镇人民政府各街道办事处县政府直属各单位青田县三线一单生态环境分区管控方案已经县委县政府研究同意现印发给你们请认真贯彻执行本方案自年月日起施行方案实施后青田县环境功能区划不再执行青田县人民政府年月日此件公开发布青田县三线一单生态环境分区管控方案按照优先保护重点管控一般管控的优先顺序结合青田县城镇开发边界和环境功能区划成果以生态大气水等环境要素边界为主衔接乡镇行政边界环境功能区划分区边界建立功能明确边界清晰的环境管控单元统一环境管控单元编码实施分类管理一环境管控单元划定青田县共划定环境管控单元个其中优先保护单元个面积为平方千米占全县国土面积的主要为自然保护区风景名胜区国家级森林公园饮用水源保护区国家级生态公益林等重要保护地以及生态功能较重要的地区重点管控单元个面积为平方千米占全县国土面积的主要为工业发展集中区域和城镇建设集中区域其中产业集聚重点管控单元个城镇生活重点管控单元个一般管控单元个面积为平方千米占全县国土面积的表青田县综合管控单元情况二生态环境准入清单一总体准入清单环境质量不达标区域和流域新建项目需符合环境质量改善要,,
153,2015-关于禁止在饮用水水源保护区垂钓、游泳等活动的通告.docx,regulatory,regulatory,关于禁止在饮用水水源保护区垂钓游泳等活动的通告三门县佃石罗岙施家岙石门等水库是我县城乡近万人民饮用水的水源为加强饮用水源保护防止水体污染确保全县人民的饮用水安全和人身财产安全特通告如下一根据中华人民共和国水污染防治法浙江省饮用水水源保护条例的有关规定自通告发布之日起禁止任何单位和个人在佃石水库罗岙水库施家岙水库石门水库等饮用水水源保护区内进行垂钓游泳等影响水源水质的活动二对违反规定不服从管理不听劝阻的将根据中华人民共和国水污染防治法第八十一条规定依法对组织垂钓游泳等可能污染饮用水水体的活动的单位处万元以上万元以下罚款对从事垂钓游泳等可能污染饮用水水体的活动的个人处元以下罚款三阻碍执法人员依法执行公务的由公安机关依照中华人民共和国治安管理处罚法有关规定进行处罚构成犯罪的依法追究刑事责任四任何单位和个人均有保护饮用水水源地的义务并有权对污染和破坏饮用水水源地的行为进行监督和举报监督举报电话五本通告自发布之日起实施特此通告三门县人民政府年月日,,
300,2023-关于印发《良渚沿山港2023年水环境治理计划》的通知.docx,regulatory,regulatory,关于印发良渚沿山港年水环境治理计划的通知良渚街道仓前街道为切实做好年良渚沿山港水环境治理工作进一步提升良渚沿山港水环境质量结合实际特制定良渚沿山港年水环境治理计划现予印发杭州市余杭区数据资源管理局年月日良渚沿山港年水环境治理计划为深入贯彻落实中央关于全面推行河长制文件精神按照省市五水共治重大决策部署结合良渚沿山港一河湖一策实施方案年要求进一步完善良渚沿山港河长制明确治理目标完善治理方案落实治理项目强化监督考核切实做好年良渚沿山港水环境治理计划特制定如下工作计划一现状调查一河道现状调查良渚沿山港为区级河道属运河水系沿山港河道位于浙江省杭州市流经杭州市余杭区良渚仓前乡镇起止点为连具塘港至七贤桥港河道全长良渚段河道的主要支流为白塔桥港和四郎桥港分别长其中仓前段位于仓前街道连具塘村呈东西走向西起连具塘港向东米河道平均宽米二河长及河长单位情况该河道区级河长为区政协副主席黄德伟同志第一河长单位和第二河长单位分别为区数管局区科协良渚段镇街河长为良渚街道党工委副书记应如萍同志村级河长为七贤桥村党委书记黄振兴东莲村党委书记徐志泉仓前段分段河长为仓前街道党工委委员章敏同志村级河长为连具塘村党委委员李荣聪同,,
0,2014-关于印发慈溪市农村污水治理三年行动计划（2014—2016）的通知.docx,regulatory,regulatory,关于印发慈溪市农村污水治理三年行动计划的通知各镇人民政府各街道办事处市政府各部门各直属单位慈溪市农村污水治理三年行动计划已经市政府同意现印发给你们请认真贯彻执行慈溪市人民政府办公室年月日慈溪市农村生活污水治理三年行动计划为全面贯彻落实省宁波市关于实施农村生活污水治理工作的计划部署进一步推进我市农村生活污水治理工作根据宁波市农村生活污水治理三年行动计划工作要求特制定本行动计划一指导思想和目标一指导思想根据党的十八大和省委十三届四次全会精神按照五水共治治污先行的总体部署围绕村点覆盖全面群众受益广泛设施运行常态治污效果良好的基本要求坚持全面治理和扩面改造并重深入开展农村生活污水治理工作努力使广大农村水变清净塘归清澈整体提升农村水环境质量为建设品质之城幸福家园提供坚强有力的环境保障二目标任务通过实施三年行动计划到年底全市行政村社区生活污水治理覆盖率达到住户受益率达到以上二基本原则一政府主导社会参与原则充分发挥政府主导作用加强镇街道及部门资源和力量整合调动各方积极性形成联动协作合力推进的工作机制大力开展宣传教育提高社会各界村级社区组织村民居民对农村生活污水治理重要性和紧迫性的认识努力形成人人关心,,
82,2020-关于开展宁海县工业企业内部雨污分流、初期雨水收集处理改造工作的通知.docx,regulatory,regulatory,关于开展宁海县工业企业内部雨污分流初期雨水收集处理改造工作的通知各有关企业为全面推进我县污水零直排区创建工作有效改善水环境质量实现我县工业企业污水全面达标排放以高标准设计高质量建设高水平管理为要求参照宁海县工业企业内部雨污分流初期雨水收集处理改造技术规范试行分批次推进我县工业企业内部雨污分流初期雨水收集处理改造工作现将有关事项通知如下一改造目标通过对我县工业企业系统化雨污分流初期雨水收集提升改造全面实现工业企业污水达标排放有效推进我县污水零直排区创建工作至年月底前完成第二批工业企业内部雨污分流初期雨水收集处理改造企业名单见附件二企业自行设计改造方案有关企业应参考宁海县工业企业内部雨污分流初期雨水收集处理改造技术规范试行自行设计改造方案初步方案经宁波市生态环境局宁海分局审核同意后有关企业相继开展提升改造工作三日常监管和验收项目改造过程中我局技术人员进行跟踪指导服务并实行月度完成进度上报制度企业改造完成后我局将组织专家进行现场验收出具验收意见并对改造项目完成质量效果进行优劣等级评比,,
218,2018-关于印发《桐庐县“清洁排放区”建设暨大气污染防治2018年实施计划》《桐庐县治污水暨水污染防治行动2018年实施计划》的通知.docx,regulatory,regulatory,关于印发桐庐县清洁排放区建设暨大气污染防治年实施计划桐庐县治污水暨水污染防治行动年实施计划的通知各乡镇人民政府街道办事处县政府各部门各直属单位桐庐县清洁排放区建设暨大气污染防治年实施计划桐庐县治污水暨水污染防治行动年实施计划已经县政府同意现印发给你们请认真贯彻执行桐庐县人民政府办公室年月日桐庐县清洁排放区建设暨大气污染防治年实施计划为进一步加强大气污染防治推动环境空气质量持续改善保障人民群众健康根据浙江省大气污染防治十三五规划杭州市大气污染防治十三五规划杭州市建设全市域大气清洁排放区的实施意见杭州市清洁排放区建设暨大气污染防治年实施计划杭政办函号等文件精神特制定我县清洁排放区建设暨大气污染防治年实施计划一总体要求以改善环境空气质量为导向全力推进五气共治工作全面建设清洁排放区确保年均浓度和空气质量优良率达到市下达的考核目标年全县细颗粒物年均浓度达到以下空气优良率达到以上重污染天气明显减少全县环境空气质量逐步改善二主要任务一全面治理燃煤烟气推动能源结构清洁化优化调整能源结构控制煤炭消费总量和煤炭质量严把耗煤新项目准入关新增煤炭消费项目实施减量替代全面落实高污染燃料禁燃区要求淘汰全县域范围内,,
553,2024-县美丽景宁建设领导小组办公室关于印发《景宁县土壤、地下水、农业农村和重金属污染防治2024年工作要点》的通知.docx,regulatory,regulatory,县美丽景宁建设领导小组办公室关于印发景宁县土壤地下水农业农村和重金属污染防治年工作要点的通知各乡镇人民政府街道办事处各有关单位现将景宁县土壤地下水农业农村和重金属污染防治年工作计划印发给你们请认真贯彻执行附件景宁县土壤地下水农业农村和重金属污染防治年工作计划县美丽景宁建设领导小组办公室年月日附件景宁县土壤地下水农业农村和重金属污染防治年工作计划一总体要求年全县受污染耕地安全利用率不低于重点建设用地安全利用率达到优先监管地块污染管控率达到以上不新增重点行业重点重金属污染物排放量农村生活污水治理行政村覆盖率和出水达标率分别达到和秸秆综合利用率和离田率分别达到和二主要任务一持续深化土壤污染防治精准实施农用地分类管理和安全利用结合水稻等粮食作物种植现状及受污染耕地安全利用治理修复效果等情况继续组织开展农用地土壤污染安全利用示范项目和耕地土壤环境质量类别动态调整试点建设进一步完善受污染耕地分类分级管理制度及标准体系县农业农村局牵头市生态环境局景宁分局配合强化严格管控类耕地用途管理加强日常巡查巡检落实种植结构调整为主的风险管控措施落实安全利用类耕地水稻等农产品的协同监测实施安全利用和严格管控成效核,,
172,2021-关于印发《生态环境水行政领域执法行动实施方案》的通知.docx,regulatory,regulatory,关于印发生态环境水行政领域执法行动实施方案的通知为贯彻落实中央第二轮环保督察整改要求和市委市政府督战污染防治攻坚战行动推动纳入综合行政执法范围的生态环境水行政处罚事项所涉问题整改现决定开展生态环境水行政领域执法行动特制定本实施方案一工作目标以习近平新时代中国特色社会主义思想为指导深入学习习近平生态环保思想坚持问题导向强化综合治理严格依法执法全面完成中央第二轮环保督察所涉问题整改任务打赢督战污染防治攻坚战所涉项目二重点任务一依法查处水行政领域违法行为一是依法查处水域违法行为以全市各河道管理范围为实施重点会同水利部门开展水域岸线清四乱专项行动依法查处乱占乱采乱堆乱搭建等违法行为保护水生态环境二是依法查处涉河涉水在建工程违法行为加强与水行政主管部门沟通衔接及时准确掌握涉河涉水在建水利防洪和其他工程的审批情况依法查处未经审批或未按照批准要求修建工程未经审批临时筑坝围堰管道穿越堤坝修建阻水便道便桥等打擦边球违法行为遏制野蛮施工给水域带来的不利影响为正常的工程建设提供有力保障维护水行政管理秩序主要违法行为如下河道管理范围内从事妨害行洪活动侵占毁坏水工程及有关设施围湖造地或者未经批准围垦河道水保方案,,
97,2017-关于印发《宁波杭州湾新区“污水零直排区”建设企业雨污分流改造专项工作方案》的通知.docx,regulatory,regulatory,关于印发宁波杭州湾新区污水零直排区建设企业雨污分流改造专项工作方案的通知各局办委庵东镇人民政府各有关单位各企业宁波杭州湾新区污水零直排区建设企业雨污分流改造专项工作方案已经管委会研究同意现印发给你们请结合各自实际认真贯彻执行宁波杭州湾新区开发建设管理委员会办公室年月日宁波杭州湾新区污水零直排区建设企业雨污分流改造专项工作方案为进一步推进宁波杭州湾新区五水共治工作加快建成污水零直排区根据宁波市人民政府办公厅关于创建污水零直排区工作的实施意见甬政办发号和宁波杭州湾新区污水零直排区建设工作实施方案甬新办发号文件精神经研究决定在全区企业实施雨污分流改造专项工作具体工作方案如下一总体要求一指导思想深入贯彻落实党的十八大和十八届三中四中五中六中全会精神紧紧围绕宁波杭州湾新区生态文明建设总体要求坚持规划先行统筹安排分类实施整体推进的原则创新机制健全管理强化领导明确责任落实措施协同配合在全区企业全面推进雨污分流改造专项工作从源头上治理水环境进一步改善全区水环境质量二实施范围雨污分流改造工作主要实施范围为已建成区庵东镇可参照本方案另行制定实施办法涉及企业数约余家三工作目标到年月底前对全区已建成区实现污水,,
68,2021-宁波市鄞州区人民政府办公室关于印发鄞州区水环境治理提升攻坚专项行动方案的通知.docx,regulatory,regulatory,宁波市鄞州区人民政府办公室关于印发鄞州区水环境治理提升攻坚专项行动方案的通知各镇政府街道办事处区政府各部门直属单位鄞州区水环境治理提升攻坚专项行动方案已经区政府同意现印发给你们请认真贯彻执行宁波市鄞州区人民政府办公室年月日鄞州区水环境治理提升攻坚专项行动方案根据宁波市人民政府办公厅关于印发宁波市冬春季水环境治理攻坚战实施方案的通知的总体要求以及区委区政府关于打好治水拆违等四位一体组合拳的部署安排围绕当前存在的水质短板问题积极采取综合整治提升措施切实解决部分河道和流域水质反弹问题实现区域水环境质量持续提升结合我区实际组织开展全区水环境治理提升攻坚专项行动现制定本方案一总体要求以习近平生态文明思想为指导以持续改善水环境质量为目标坚持问题导向边查边改重点突破标本兼治重点抓好纳入全市冬春季水环境治理攻坚河道区控以上断面河道尤其是甬新河省控断面一月一提醒水质下降通报和其他水质易反弹反复或投诉较多的重点河道具体河道名单详见附件突出上下游协同全流域联动采取针对性一河一策整治措施加快补齐水质短板严防水质恶化反弹二攻坚目标全区市控以上断面地表水水质达到或优于类水质比例达到区控以上断面全面功能达标其主要支,,
98,2018-关于印发《宁波杭州湾新区近岸海域海面漂浮垃圾监管处置工作实施方案》的通知.docx,regulatory,regulatory,关于印发宁波杭州湾新区近岸海域海面漂浮垃圾监管处置工作实施方案的通知各局办委庵东镇人民政府各有关单位经管委会研究同意现将宁波杭州湾新区近岸海域海面漂浮垃圾监管处置工作实施方案印发给你们请结合各自工作实际认真抓好贯彻落实宁波杭州湾新区开发建设管理委员会办公室年月日宁波杭州湾新区近岸海域海面漂浮垃圾监管处置工作实施方案为保护和改善宁波杭州湾新区近岸海域环境质量加快推进近岸海域海漂垃圾处理工作根据中共宁波市委全面深化改革领导小组年工作要点甬党办号宁波市海洋生态环境治理修复若干规定市政府令号和宁波市人民政府办公厅关于做好宁波市近岸海域海面漂浮垃圾监管处置工作的通知甬政办发号等文件精神结合新区实际制定本实施方案一指导思想与主要目标一指导思想全面贯彻落实党的十九大精神和省市关于生态文明建设及环境保护的重大决策部署以全面深化改革为契机大力推进海洋生态文明建设坚持陆海统筹属地负责防治结合突出重点绿色发展的原则深入开展近岸海域海面漂浮垃圾监管处置工作建立近岸海域海面漂浮垃圾防控长效机制为构建美丽新区提供坚实的环境基础二主要目标到年底基本形成近岸海域海面漂浮垃圾监管处置工作的长效机制有效提升近岸海域海面漂,,
92,2014-关于印发《宁波杭州湾新区农村生活污水治理工作实施细则》的通知.docx,regulatory,regulatory,关于印发宁波杭州湾新区农村生活污水治理工作实施细则的通知各局办庵东镇人民政府各有关单位宁波杭州湾新区农村生活污水治理工作实施细则已经党工委管委会会议研究同意现印发给你们请结合各自实际认真遵照执行宁波杭州湾新区开发建设管理委员会办公室年月日宁波杭州湾新区农村生活污水治理工作实施细则第一章总则第一条农村生活污水治理工作是省市关于五水共治治污先行总体部署中的一项重点内容和重要举措也是切实改善农村人居环境扎实推进美丽乡村幸福家园建设的实事工程为进一步加快推进农村生活污水治理工作进程优化简化并规范相关工作流程特修订本办法第二条总体目标是到年底全区行政村农村生活污水治理覆盖率达到住户受益率达到以上第三条坚持政府主导社会参与规划指导试点先行远近结合循序渐进经济实用资源利用的基本原则不断完善建设管理工作机制优化行政审批服务全力推进农村生活污水治理工作第四条不断探索创新农村生活污水治理模式对可以进入污水大管网的区域应优先进行集中纳管进厂处理发挥污水处理厂的辐射效应对不具备纳管条件的区域应当因地制宜合理采用大生态治理人工湿地前一管一池等治理方式综合比较尽可能选择后期运行维护费用最低化的处理技术第五条农村生,,
251,2018-杭州市拱墅区人民政府办公室关于印发拱墅区雨污分流“零直排”巩固三年专项行动计划（2018-2020年）的通知.docx,regulatory,regulatory,杭州市拱墅区人民政府办公室关于印发拱墅区雨污分流零直排巩固三年专项行动计划年的通知各街道办事处区政府各部门各直属单位拱墅区雨污分流零直排巩固三年专项行动计划年已经区政府研究同意现印发给你们请认真贯彻落实杭州市拱墅区人民政府办公室年月日拱墅区雨污分流零直排巩固三年专项行动计划年为巩固全区零直排成果有序推进雨污分流工作落实长效管养机制消除管理工作盲区提升全区生态环境根据中华人民共和国水污染防治法城镇排水与污水处理条例和污水处理管理和服务规范等结合杭州市规划年修订版中持续推进雨污分流工作和拱墅区十三五发展总体规划以及污水工程专项规划的要求推动全区年截污纳管雨污分流公建单位管理及排水设施长效管理工作进一步提升全区城市管理精细化水平促进全区生态环境的可持续发展特制定本计划一指导思想以全区雨污分流零直排巩固创建为载体坚持统筹规划建管并重坚持高标准严要求由点到面先易后难实施源头治理雨污分流公建管理形成分流禁排长效机制为建设美丽拱墅提供基础保障二工作目标按照工程项目建设单元雨污分流改造公建单位管理长效管理四项工作协作推进到年全区范围内基本实现雨污管网有效分流公建单位有效管理市政设施长效养护管理到位河道,,
94,2018-关于进一步规范河长制管理工作的通知.docx,regulatory,regulatory,关于进一步规范河长制管理工作的通知各局办委庵东镇人民政府各有关单位各级河长为进一步加强宁波杭州湾新区河长制工作提升河长制管理水平现将有关事项要求如下一进一步加强组织领导各部门各单位要进一步加强河长制工作领导各级河长各河长单位主要领导要严格按照宁波杭州湾新区深化落实河长制工作方案年及省市区河长办工作要求抓好责任分解落实专人负责确保全面推行河长制工作落到实处取得实效二进一步强化责任担当各级河长要严格按照浙江省河长制规定基层河长巡查工作细则要求开展工作市级河道二级河长河道区级河道每半月巡查次镇级河道每旬巡查次村级河道每周巡查次每月号为第一周依次类推号至月末为一周月日省五水共治办来新区明察暗访时发现个别河长签到和河道巡查由河长联络员代为执行严重违反了浙江省河长制规定精神对于这一现象省五水共治办提出各级河长必须在手机上下载宁波河长指挥系统亲自签到和巡河并确保巡河的有效性限月日前整改到位三进一步完善工作机制定期举行河长例会制度原则上每季度召开一次研究治河护河过程中出现的问题河长单位要加强与省市对口部门之间联系及时沟通协调河长制推进过程中的困难和问题各相关部门要在总河长的领导下密切配合协调联动工作中,,
